ID,FirstName,LastName,Email,Phone,BusinessPartnerID,Event_ID
1,Linda,Johnson,james.wilson@email.com,(386)201-7084x2470,BP46903,8
2,Michael,Jones,linda.johnson@email.com,902.709.9874,BP91990,27
3,Jane,Williams,jessica.moore@email.com,001-549-588-0774x46496,BP13597,17
4,Sarah,Wilson,david.brown@email.com,740.666.2878,BP69802,6
5,David,Brown,james.wilson@email.com,+1-960-240-6461x65219,BP49775,8
6,Jane,Moore,david.brown@email.com,+1-885-341-2038x77023,BP74879,30
7,Jessica,Smith,robert.taylor@email.com,486.678.4142x85740,BP50493,30
8,Michael,Johnson,john.smith@email.com,024-341-1972x919,BP72396,15
9,Linda,Taylor,james.wilson@email.com,480-197-0580x65095,BP57242,19
10,Michael,Smith,david.brown@email.com,821.883.5893x32389,BP18295,11
11,James,Wilson,robert.taylor@email.com,601-086-6147x2444,BP36603,16
12,Jane,Taylor,sarah.miller@email.com,001-933-767-0118x633,BP92248,7
13,Michael,Wilson,john.smith@email.com,001-734-637-7560x57650,BP16396,2
14,Robert,Davis,david.brown@email.com,(129)772-1253,BP29827,11
15,John,Jones,linda.johnson@email.com,007.294.1808x3988,BP83409,16
16,David,Smith,linda.johnson@email.com,(183)313-8270x245,BP76283,28
17,Linda,Wilson,jane.doe@email.com,312-756-0158x91563,BP48163,23
18,James,Taylor,sarah.miller@email.com,924.607.2472,BP12278,20
19,Linda,Smith,linda.johnson@email.com,369.346.3104,BP89512,16
20,Jessica,Brown,michael.jones@email.com,001-266-278-6393x810,BP53966,12
21,Linda,Davis,james.wilson@email.com,509.703.3281,BP53086,13
22,David,Williams,james.wilson@email.com,(040)767-1864x5253,BP40941,19
23,David,Miller,robert.taylor@email.com,8130397901,BP23330,2
24,John,Wilson,jessica.moore@email.com,220-221-1651,BP18823,9
25,Jessica,Johnson,robert.taylor@email.com,+1-351-583-4563x5936,BP79588,2
26,John,Jones,john.smith@email.com,+1-500-483-0953x2954,BP77396,7
27,David,Smith,michael.jones@email.com,4753898106,BP28291,15
28,John,Smith,james.wilson@email.com,247-355-1075x3387,BP90722,4
29,Jessica,Smith,robert.taylor@email.com,063-338-6807,BP60672,19
30,Sarah,Davis,sarah.miller@email.com,6982920564,BP95545,29
